79891	1	66000	0.42785903725815916,0.41595204826947807,0.37170457886290675,0.39784442433176587,0.42266584968855303,0.4041374328537522,0.3931261045011607,0.45411966601616055,0.442729157055908,0.4388057483739151,0.4248928470848912,0.4206831715733027,0.4186294911609542,0.4511479174037535,0.4053247911159438,0.4053239238630865,0.40198716250332917,0.3883495018717557,0.4099341022574212,0.43086443975859995,0.4190163385044705,0.44597096949912823,0.46583720206880436,0.4332708611081426,0.4553731902115113,0.4909957026441892,0.49464975989149484,0.44351085378178234,0.4121706217121916,0.42463938180190414,0.4449657223520488,0.44315444849572094,0.43568609726347335,0.4204190872436346,0.43020284917787155,0.4600577004525343,0.49349103271961214,0.45635096885297943,0.46494866262834805,0.7775291611444582,0.7062817727162586,0.5795921823625898,0.5552040893957977,0.6625989280494989,0.7387996291120847,0.5227466982422453,0.390932500808873,0.40288403530200895,0.41512220385540055,0.42257237220421817,0.4404218614685769,0.41692961872309103,0.4055896068828693,0.4045210361480713,0.4490510622660319,0.45707843887309235,0.4862656824122694,0.7442365343633451,0.7141146825228123,0.6122560236189101,0.44640287980437277,0.45200428530573844,0.5843047095625192,0.6204525905813875,0.5946093846380321,0.43987270539075557,0.4598736688809053,0.4505962214336313,0.4381527899227706,0.4554941063326907,0.4328947365283966,0.44426782766397854,0.40118535690837437,0.4243105973181768,0.5388088092329717,0.6125361001491547,0.5873561265369573,0.49531433858135915,0.5044361132349672,0.5708884265422821
79885	-1	66000	0.4865954336146234,0.48012898930537157,0.48865266328508206,0.4886441087003928,0.45885174324686046,0.4934067874416417,0.5991599172111449,0.6042735195533739,0.4891039963215139,0.40023771813600373,0.38480512520908255,0.4821729103431982,0.5991743926732045,0.5892393531892922,0.48687672737004506,0.45860169538811074,0.47534757751373596,0.5169573665516717,0.48219776959767097,0.46704726164991206,0.5483323744454309,0.582605905561562,0.5069435142044328,0.4692043735876352,0.459799657684642,0.4684194784898024,0.47073798274828327,0.4631960411225596,0.5131012184519164,0.5794940389958876,0.5229750170940306,0.43612770455898625,0.4262525282029448,0.4233944738161064,0.4841861220821099,0.5393287372452761,0.5546195473880863,0.5320892684147942,0.6044472614501385,0.6718203507267866,0.6928019668249523,0.6414106963294568,0.6241153601843578,0.5030508808660925,0.4628588485306707,0.440262989848072,0.43073822235738907,0.4208986675235587,0.49670820926194603,0.5983326559004031,0.5484117922328767,0.4631784932495767,0.4308762817006362,0.4226581449391412,0.44006957159828897,0.45254088911143214,0.45431498795339503,0.44675485029512524,0.4618267775227447,0.4601367392794417,0.42434984948989507,0.4455486397829748,0.559350153078904,0.4917451156222302,0.427125325186118,0.41519044608475103,0.441450491075602,0.4833839603241117,0.4168632293891425,0.48940336490744973,0.5012075171982946,0.4951801322091966,0.44021945323596817,0.4047811661927116,0.3950821108677808,0.5116169574309368,0.5258853030272314,0.44868788596183534,0.42391753496739687,0.42170856033380216
79889	1	66000	0.4787026487906045,0.5719441056113552,0.681450157747854,0.5273963579861056,0.4434947129608928,0.43613780192052476,0.39230205202864193,0.3997056848473019,0.4302804338581422,0.4491405753689633,0.4439709584694356,0.44429927828568444,0.4419360528218335,0.49972067603395004,0.5577494906157082,0.5437882255795783,0.41134099491099096,0.391592971296702,0.4149931202175118,0.4541740296523512,0.5574116497961776,0.6185214503987194,0.5830548828483647,0.46494842340682174,0.4586221924358394,0.44708582209008924,0.4629314952961555,0.48592705311982526,0.4783040802784032,0.4270383098254582,0.43856877634061325,0.44411290980371315,0.44473300459729115,0.42761857854364643,0.4142300208083919,0.4117042379994546,0.4110986262843722,0.4497973125576973,0.47717019256021154,0.47229808916515065,0.4739608027762543,0.47769544360394994,0.4704998338305964,0.47123023699942856,0.4688683349796093,0.4595790698434959,0.5230428781066802,0.5330242818256594,0.4528168231388773,0.44335974234316317,0.4446194442609946,0.43844672858163164,0.47255325229405476,0.46850791751322424,0.46074275840828416,0.45972417184871994,0.46693874065424407,0.48355616183625055,0.4778799533769302,0.4928026392067574,0.49058140485638607,0.4733094899865335,0.4368129431857843,0.4437036363837811,0.443432012475638,0.49927870581722933,0.5181724289842007,0.4669578420435822,0.4389752080737639,0.4527775784092355,0.4455199078107491,0.4332715055854374,0.4288611873537565,0.4470292143523693,0.4592123493744304,0.43951240513742584,0.541592038093278,0.637510545106523,0.49616300620875514,0.4632193659033094
79897	-1	66000	0.4593404026454305,0.42766534828919966,0.4526210051632213,0.5710018963314766,0.6342556711348741,0.5989484958371765,0.5024044060510052,0.47989826385051976,0.5534856603748497,0.6158043162793106,0.596204959768855,0.5141511057667872,0.4143780603594051,0.3977261215536292,0.4050785768421859,0.41899610142554006,0.4324797528130668,0.4269863878127555,0.4097079217197403,0.5067714178022534,0.8167381233332173,0.7044732142118068,0.5181542148376689,0.4117787440253325,0.43833583206620835,0.4701635186358279,0.4641940945928747,0.4452589042742863,0.4491126619014643,0.6727475800341175,0.808511130977422,0.5987200454967778,0.44984183269120304,0.48708717502764803,0.5466632957213393,0.47854097351628777,0.4090709288471511,0.43022278583735873,0.4581941155235419,0.4435036342521632,0.4449538692219617,0.5260721371752982,0.5848958353201549,0.546720479817494,0.4837445909251815,0.45217873176863027,0.41820041643172756,0.45568811228518846,0.47742630888034804,0.46890948726090903,0.47882724903067764,0.5118584923446179,0.4959141111837259,0.5551460752437684,0.6889470654536473,0.6913726776838303,0.6141618340649408,0.5596396280328433,0.4842618086121299,0.4754107390680621,0.47384461179012205,0.45981000683623363,0.4354115446660086,0.4638936262991693,0.5068373975428668,0.5417849130175086,0.40423630781662767,0.4137930128858497,0.39367016456166254,0.42113711389284286,0.49679451040382494,0.49292607397636956,0.4936817632902653,0.4798032909465236,0.4825727859901827,0.46886322307136824,0.44738049971822064,0.46436941980544033,0.4285034389932299,0.3872335521845488
79902	1	66000	0.43079433959769453,0.5648555882805062,0.6830372883293924,0.6020738960178366,0.4966847996699216,0.4632968380344364,0.4520455910879023,0.5024607875026189,0.7910950582111831,0.6830838464137887,0.42616585299775406,0.4405096421127057,0.6545781389474868,0.8830974085128259,0.7800249988809594,0.50339041752358,0.44298311930963363,0.4366090348426332,0.3889594825040629,0.36577599378342324,0.3854260052921194,0.3954506853212088,0.4081152682120983,0.41913826198784454,0.4188634122793491,0.40853915856184203,0.4086721459213568,0.4020064866542816,0.41565103727982816,0.491086722762735,0.48542900817860535,0.4537360006908201,0.4167023351620202,0.5139150957965372,0.7114517410717359,0.8300101765595029,0.49026356709580265,0.4198717255850096,0.4269855414080409,0.4800257581322851,0.47446153439692595,0.4415010451534648,0.43954242649601727,0.44425709687234943,0.44402660921252984,0.47162237770255955,0.5389290525301083,0.524370195333069,0.4305609287442388,0.4077932427967748,0.42219619538921577,0.442826820636642,0.4523474965715236,0.45559131180433404,0.4709442285748271,0.4712366674852245,0.46335443877984606,0.44097371784123507,0.42272813535398907,0.403677259950333,0.43851012415653756,0.5263849861231171,0.5997516564356529,0.5436904766808258,0.43336039437374596,0.4763409691634855,0.48287273960551996,0.4296383278189178,0.3983960232026748,0.4005237516998513,0.6672766132518139,0.8864807813886613,0.7392738283611834,0.5100777629667368,0.4481713925562208,0.40591650876553603,0.4092632009118211,0.46968720096056576,0.4908615160446901,0.4707037251496661
79936	-1	66000	0.4423881041876813,0.42969897622141556,0.4292065286886661,0.4308040342624719,0.4402694173005162,0.4850643294778737,0.6077526354906606,0.6468103977192439,0.6462713300178831,0.5426296909324458,0.4079793411881531,0.4433332164959273,0.4478926194861611,0.40563141745476683,0.41810840342726024,0.45891034089601956,0.46499975304824015,0.4638673176929464,0.4608118630446683,0.4437443252456816,0.45661505155980925,0.5935414155860165,0.667726382671848,0.6965874252509485,0.5826465806540321,0.433759040292053,0.4268632233142853,0.4442070441730952,0.4248366640599746,0.4103544058984724,0.4497948837744725,0.5115289442000851,0.4789018729992483,0.4561219236454778,0.45193331339691256,0.44167692255075663,0.44457357876585346,0.4417133294161978,0.450262813348128,0.46398261655396766,0.46649404604174743,0.44117064766906666,0.4612142103333627,0.5123333242995229,0.4864713133909763,0.44080555618836964,0.41727669524258393,0.41335871112796496,0.4194096932321873,0.45481716494161295,0.45291413109878015,0.4452975603491671,0.4534426397329625,0.46376812919887184,0.48256472099659053,0.4830620895335629,0.4684158311687785,0.47597708146680484,0.47417865638379697,0.4717091763841695,0.4785615036616454,0.45619374738549284,0.40915604113551324,0.4574306899403024,0.6397075533681775,0.7404637017793823,0.7235009028585415,0.5916102029055169,0.44884716352311577,0.43098955659402743,0.4418183656773348,0.4566393478583264,0.4748633597046137,0.4803056757744045,0.5194109320017519,0.6748842468950897,0.527569397564592,0.48447809805945746,0.5146185783881706,0.5183616589362684
79951	-1	66000	0.3784839810526117,0.4232115569008384,0.4441277603805065,0.4299034873095665,0.4580483248012256,0.5068771941139099,0.7200723215491472,0.6267348773156604,0.5101491189316699,0.45550063654843265,0.443894800291223,0.4357529090386685,0.45010923921829993,0.49512728891236996,0.42943539816226683,0.3847399827761528,0.36499238523662597,0.4519676796215422,0.513454757251982,0.500082204376694,0.4450081710664319,0.4899550470022055,0.5241442556892123,0.47251392368759426,0.4358594098995472,0.37653902874273415,0.42681938913314854,0.46609532353521765,0.46745816246608746,0.5396009498324833,0.5821212531656635,0.4268875335614512,0.43108241100396427,0.4625660980569905,0.4698547823283509,0.4837763669314208,0.4186515353578429,0.40296427223910675,0.4412704834231624,0.45463284756988287,0.4232937229691811,0.4503570018070085,0.45444111373959756,0.4612320979659477,0.43512074597353156,0.45807629604088634,0.49172075880834687,0.5423489461599854,0.5572112619499617,0.5031090451356692,0.4748929388821125,0.4461436220243865,0.48395951186026726,0.5038856706858679,0.5478507592508444,0.6027979470681453,0.5170574035808331,0.4506465677596346,0.4785453297552608,0.4896206188201904,0.4858745231616254,0.5090733889367555,0.5109870852810321,0.49703173739154166,0.44789891512621016,0.5499045462770895,0.6117430601764646,0.5327751303002948,0.45606543630214746,0.47937048779379937,0.5045010473483648,0.5329323041324432,0.4304137445917917,0.6220572323412509,0.5607350586873033,0.5364291527054527,0.45541736963441815,0.44711639912742557,0.4739542478133762,0.44292813572618694
79954	1	66000	0.3785073792510353,0.40145643049685653,0.47103885197639467,0.733908833210085,0.8021749474175341,0.5028880153684055,0.4180552330765411,0.4132987674866014,0.4030798667728311,0.4172944054551368,0.40652126399491795,0.40380178799116334,0.40681883080364906,0.39700368447945666,0.3731476559181406,0.38163325836991563,0.4219779827902394,0.4472487462721659,0.432466236746137,0.4176070585846901,0.4235401729130632,0.4294583923521295,0.5398156805471941,0.6711521309355031,0.7165100014953146,0.4320953282026144,0.4363401285533247,0.4374435647306117,0.5157251685438021,0.5269706873666673,0.5436846599957653,0.5005078437328339,0.43830024664716205,0.5346912993909487,0.6105781553930776,0.5499747314750341,0.6128854575482282,0.7429937403587619,0.5144126378271702,0.3891968005071811,0.5520603668262808,0.8595416559592673,0.7979508730431945,0.5048454202563557,0.5160405351357027,0.7111393280926792,0.6997058911076008,0.5194081353104633,0.4335035201576021,0.424864708932478,0.4286369296220633
79963	-1	66000	0.625126730153149,0.39893111531584907,0.4334924577390747,0.45126061302102255,0.41649428337228067,0.4373345339870101,0.4406239819679996,0.47966156100760626,0.5772592569164552,0.5748235692630461,0.4720922284054034,0.4401431887314237,0.43881323630526914,0.66323922439055,0.6306867644084604,0.5092588631768681,0.4145165673200635,0.44217604617722117,0.4873091274378251,0.4907186754269175,0.5570625748452553,0.5778806715139321,0.5158562109381791,0.4790120521523305,0.45749908724897786,0.45935931044320266,0.4563974007628018,0.4553558468818665,0.4497863869786761,0.431732967936781,0.4334713594781028,0.4581893170722807,0.44914344506981096,0.44445413731008887,0.41676790320447515,0.4114354693641265,0.4577392876148224,0.4774506361711593
79962	1	66000	0.4731945377012854,0.46107620271235056,0.43651192917262105,0.4380226889783043,0.45275443883866584,0.4609071147723461,0.4443509443828711,0.4221546146131697,0.444887718140791,0.4445228734253589,0.40981263421966646,0.38541921654587274,0.4202444402689344,0.4262459416770273,0.42775591646189465,0.4332652991922031,0.46771824437159076,0.45825482517867894,0.45462772794552264,0.42592633180102407,0.42353853515216283,0.45856955903582275,0.47891343812096704,0.46246710476037617,0.4456368917646121,0.4643367536872336,0.4372893214511643,0.4010959791058454,0.4349446170134087,0.4578973434412677,0.4565309014390497,0.4655340899054597,0.4604369718789168,0.4992121030504887,0.5023700053191317,0.4154820086864325,0.4190323847035567,0.38064189131852166,0.39155297438590536,0.4126469703215473,0.46937356401958735,0.5284291722923266,0.59256805379182,0.5500575945232854,0.4591040517324987,0.43183018457481054,0.4584576082487963,0.45463164794481054,0.43283610256706795,0.41271561688595315,0.4713911095880113,0.6680199179008528,0.7140919823036451,0.5754634853811359,0.45002623973799144,0.39975554766380683,0.4193752158749424,0.43958763992887434,0.43488399128942096,0.42409712935093524,0.4278874632887815,0.4127743178443966,0.4043610012922131,0.47526643569009347,0.4034434255698453,0.4365754136700689,0.5022317165473722,0.4894283117153944,0.44906629015833643,0.4303385988464506,0.4509750265182215,0.46615718200637846,0.4444163862223688,0.4120601464939468,0.3979650734415377,0.39375552255660295,0.4376282373727378,0.4080799638044716,0.4255414175432782,0.7145876658373865
79979	1	66000	0.5179044650367092,0.5117562062965093,0.38707655524766005,0.39714613732778364,0.42846701396348885,0.46601785699787895,0.47478060283936746,0.47148255870041056,0.4653435009312255,0.47434219081575674,0.5139873631436516,0.49383877509726215,0.41874437596363884,0.4420140390460556,0.5011390632874256,0.4769155982568974,0.4450132031578663,0.4299059056499031,0.4339035432273095,0.4159066631243779,0.41196485245949255,0.4114331040410517,0.4128679946148196,0.4021520157269824,0.4076624531012315,0.44223757160991334,0.41822959798755066,0.4266215685689658,0.42465707556954746,0.43607899361802627,0.4590095233556906,0.4502672562631992,0.44279881422614165,0.45141952209747754,0.4614589758035613,0.43321557117230963,0.390921846483693,0.3942768298169618,0.43108511284777995,0.4133582186544597,0.4123541934633105,0.4213401238272961,0.45413199886046457,0.4851918840767889,0.4596013077545849,0.4261169872086519,0.4660230119159256,0.408726229881629,0.38692021106662683,0.4233533884629165,0.4342498112517067,0.5458210533665072,0.5545939774121214,0.4773699121058353,0.3817471711088247,0.3857417173309413,0.40345575224419344,0.3989698273548182,0.4191756048813242,0.39446840347612605,0.37086000899051097,0.3991071762422384,0.4185899015017382,0.43632427607577273,0.42622455286902267,0.4271053423167794,0.46046812764827577,0.45263643461523706,0.4344038533216173,0.4324176382374119,0.46648548032706705,0.4787702540498833,0.45703777573678805,0.43712060161539024,0.4336154648037844,0.4245946246920234,0.4259048689067159,0.42596976842844125,0.4295749495158324,0.4650516063409366
79978	-1	66000	0.4229984822698304,0.4200570407820626,0.426437459585378,0.4467634353743289,0.46742568273892565,0.47837646160505515,0.5167845993596603,0.5923095078960391,0.5696925678186946,0.48471271663140025,0.4626076411329424,0.4884295906617309,0.4814322904934959,0.44016456366377416,0.4476547326522929,0.4868456742017886,0.46452923065466845,0.4648628259306826,0.4738206116143119,0.4382475549553303,0.40660929071659946,0.44290181875821966,0.47576662585619955,0.5156130451451307,0.5679137712777264,0.520802312690741,0.42552132446032304,0.45254796575829687,0.46258912218171494,0.46047369686953993,0.47742283480295994,0.447808961627821,0.42324917089991176,0.4252152510973961,0.42557085945940853,0.43415215780549016,0.39955726240968104,0.3544745080116141,0.40369896584314335,0.46024565022242697,0.47611707734025044,0.44300181653764514,0.44932648820289667,0.4675058326889983,0.4488027255263245,0.48027272045813024,0.5105523800415108,0.5169649429675613,0.686708633524145,0.8031892892140061,0.5212616194970906,0.44287648956216763,0.435470496745486,0.4284896053773262,0.44227022792785575,0.44559466569654405,0.4537138174188898,0.46565113823438425,0.48003227924400904,0.454113056935833,0.40311488097018383,0.5104157149511883,0.6202411669783476,0.5939057175117203,0.5528032638443013,0.4981054625629137,0.4699719624816613,0.42704171473329716,0.3990139008454674,0.492143213145646,0.870732573238579,0.776917193978475,0.5308356440104198,0.4281626913755659,0.42774205971673085,0.4413493768492741,0.4253702365237174,0.41714274463941103,0.43849695277841466,0.43929326805201446
79980	1	66000	0.6043227359418469,0.49232117882506415,0.5391754522330343,0.4623824916511988,0.4123298038728535,0.42223155410274077,0.433550348540522,0.550868477515334,0.6186011775415771,0.5713958023859301,0.5552898510809867,0.5523958145468323,0.5130286810378875,0.4609961914930412,0.40395432944122,0.4480739531643463,0.45074020473720927,0.4429252091172016,0.38214022899285344,0.36658604670627953,0.40386800045911975,0.4263349819567896,0.4139935602229905,0.4203650233216752,0.4075269806752646,0.43290296865103506,0.5935025556207995,0.706689706539518,0.6929589875445172,0.4410828570373186,0.4619987950536418,0.51651948458011,0.5760472999269743,0.6563258537312144,0.6676693699114902,0.5746153998488742,0.48165779303420675,0.42338400043792007,0.40790123425061076,0.4188529079784245,0.5440066239653123,0.6736912086642638,0.6182862637593196,0.4200475089721852,0.4335327020713261,0.40494247476259865,0.5918382732467797,0.5874493352696665,0.5859332339100118,0.5802225574648758,0.5786201805883163,0.7600705991100772,0.8758686587563327,0.5598524920506911,0.4665066932351136,0.6041570650679725,0.6248057019875055,0.5834827299400773,0.5187381927395208,0.46901937226454415,0.3934241951227904,0.4672328997836557,0.5484557601640809,0.5767704938969961,0.5285199936211965,0.6504363192539466,0.7035422170958897,0.5508652488327929,0.4273612384612744,0.37631360645647405,0.4597955048084259,0.5541833352916788,0.5314510425107669,0.44007169795103857,0.4506532987607339,0.4719713835225153,0.4391900428025371,0.4073390643272174,0.43497564775102276,0.4889199050033794
79991	1	66000	0.4068970370629651,0.3976009825418233,0.3900464877215299,0.41134594310850103,0.4506091769919338,0.4420765885397008,0.4316889246969319,0.4326846390727937,0.43827391680406064,0.43785046949920814,0.43288025663668417,0.4685206647932999,0.48365869350308416,0.5058938040965941,0.4384726819955758,0.4592064825811069,0.4974040441867533,0.47898502340792,0.4580518495962487,0.43494665309839825,0.4357727871266837,0.4358969676292549,0.47215416027327717,0.44443934382053846,0.4071689339456039,0.40495265038176015,0.4312961284392185,0.4374202481425513,0.43607827677176547,0.4698810041458769,0.4423038454519378,0.43622625805437565,0.48471407319458437,0.5723790948918276,0.7137856444432622,0.7486294660043391,0.5180147783527244,0.46377954462021315,0.4729155070129472,0.5518923276160137,0.6157442695728623,0.664028509899422
79987	-1	66000	0.5286431026162831,0.5642857641340738,0.417459299899466,0.40791848365840994,0.4529208446567382,0.4787022888660431,0.5169768488996631,0.5046609611076823,0.4625465542637978,0.44592295587062836,0.426035897215692,0.445048473494821,0.5067283355772263,0.47692442136191426,0.4244041878443498,0.41587028028191747,0.41950592285877947,0.42098113318881253,0.4470015283911786,0.5883958999195026,0.7399540879423656,0.7382428691072284,0.5947772124835423,0.49192540799417805,0.446014402942224,0.40909787139839887,0.41899603564258014,0.40819378263257405,0.44054889031078504,0.4377767192689996,0.4554009564529509,0.43221850840895026,0.451220893766731,0.5013561185735923,0.5132677934271224,0.5063789385150236,0.4600591205106759,0.42176701067908995,0.43888854132435184,0.458645432304453,0.5011485696390823,0.487566229008453,0.43041892602758586,0.5281347128061148,0.6065613052813835,0.5581501955489631,0.4732932399619709,0.4824320706692371,0.48508027076721194,0.4651447266083339,0.46926122494451294,0.5443282719229309,0.531162068363308,0.5759427386417724,0.5829300698442538,0.4826514874779901,0.4620525872937723,0.49068332896991207,0.4873796754023608,0.4434248778555128,0.4417247330913177,0.43642204150418257,0.5002061123341586,0.7317792069716532,0.7585248420596594,0.5881568522329824,0.5097479515546106,0.47224758708096565,0.4243601483184022,0.46614771255864784,0.4482670364232597,0.5234860370502524,0.572943257975888,0.5279428701477844,0.5059114175332166,0.5335656168342334,0.5190446153051014,0.4767632921368389,0.5070914072433704,0.4673478741215189
79989	1	66000	0.44397823997290736,0.4207339368926154,0.40078968204119625,0.42844223997122804,0.45872064254113604,0.44813471232484653,0.461478895883062,0.46490237654484423,0.45708633061209913,0.4833491663014667,0.5946960308008793,0.6882906224569092,0.5134753538911038,0.4632401433038084,0.4205675482749939,0.38680940241582934,0.4410439369754052,0.5869014755594884,0.5363665821770913,0.46712809304396313,0.4161096688323808,0.40733316963718785,0.4494392419383474,0.4600239892332059,0.39943897230190467,0.4065045597178213,0.42559080136538396,0.449887475813739,0.4383772330366688,0.42529700827949185,0.41889039187108057,0.4214549872911338,0.42006232531785165,0.5833799595096308,0.8165452839203284,0.6588474672118371,0.5603757501594604,0.760426712499277,0.8567078720105377,0.8690790330108843,0.88491397301356,0.6860741669546344,0.4451725577403392,0.42452219827100635,0.4232421492665543,0.4553552900369351,0.5470860190873076,0.6816847505413484,0.5854588190191671,0.45639204382896426,0.45508058801774054,0.4711094976857651,0.444013952234081,0.4134242042767263,0.41712916119579685,0.39855169786347283,0.3654297897937121,0.41927369968573935,0.4207764113997365,0.40001950594219,0.38581529206699794,0.45731279243857176,0.48106705176867426,0.5231391275445744,0.5348592189518181,0.44436393976211547,0.48183301986807986,0.47922811060469617,0.42968787459453733,0.4698216005323744,0.549813465125537,0.5756128580498516,0.5244765135012274,0.45564349560902034,0.43423665573890197,0.4418118836788031,0.47997338819169555,0.49749429515890176,0.4777433139713187,0.44068997546478555
79996	1	66000	0.4647631710675599,0.6473336277912695,0.46289826761423847,0.4865208077408608,0.5091236610546213,0.4959755243881155,0.4820702467077139,0.4543355344933925,0.45576036865428343,0.43740099154959966,0.42344637673338564,0.4444061511597675,0.47333959882567733,0.4511745772701251,0.4242185862888967,0.43652517834581583,0.44881930759078575,0.451760931291442,0.44411510875919363,0.4534362296034348,0.4502243650876559,0.44718888615494345,0.4596671347922467,0.4433822013514558,0.41182233143651314,0.4109532874053931,0.4236441141313261,0.427098742759589,0.45406372589223526,0.549424382167704,0.43644944969782107,0.419145811448055,0.47407471187629147,0.5162948161311951,0.5482199364457249,0.518219542278683,0.41824293542991986,0.4003460259932392,0.38013351882230423,0.3619035256045465,0.3633919242482919,0.4451066634964211,0.49250096349289624,0.4801442807333337,0.4454064022355519,0.42551048232449423,0.45901031729876035,0.44130988837334145,0.4361293340802576,0.43360795463182006,0.43027961354015926,0.4368406529917101,0.4199619948551917,0.45131157753897494,0.46254890240930224,0.48456501239730465,0.4851367352935283,0.4710128540745831,0.4587077801853284,0.4288503539855363,0.3816927364770917,0.40506356715653014,0.45006967121904545,0.4594446081347233,0.44397564781339544,0.47726196842857554,0.5903725037279055,0.7135955717182418,0.5176929222708717,0.44352323594021387,0.4587818646855034,0.4531442297380523,0.4245397100993363,0.5070304965526214,0.600393966337045,0.6485084885358811,0.5539805980324746,0.42653154086746625,0.40581641951805264,0.491288791026049
80002	1	66000	0.49782014961621557,0.43247857052112315,0.420413522041432,0.4401393594565215,0.4546432898656742,0.4744004623613496,0.48072873969231883,0.4504954314298844,0.43816638224654725,0.41660229632487666,0.4396443835812617,0.44254233256267134,0.437707149019145,0.4243073076090956,0.4061118630632277,0.41901586435813104,0.3917987428985916,0.38813937676919474,0.4081440277287525,0.42742681551811307,0.46239579421268656,0.48203741719116977,0.47598959030140015,0.4972206385512101,0.5211270940505852,0.4804360444138364,0.41610557477451066,0.4210776075884536,0.42204881919987836,0.4339705679135827,0.48104187491658007,0.4743398510717437,0.45639585045476755,0.4632737720366752,0.46733619472278015,0.502311811802235,0.5022566186890722,0.46792638103167217,0.47630565745243125,0.45134589442464174,0.43870998784190135,0.5004492995818866,0.5059696115801097,0.4422862329665392,0.4352399925456235,0.5316092587296617,0.6503043569075997,0.7780651855450095,0.758668396036066,0.522549119741557,0.4507206320434234,0.43133028411561514,0.4050363393462434,0.4269357623998076,0.41203866513539467,0.40518362565474075,0.4112909844752108,0.4161955648581887,0.438066667624009,0.43429695078504016,0.4662425551683672,0.4580188971012831,0.4780979548807198,0.44768572806501067,0.38361214796702064,0.3875059485435486,0.44139815971884927,0.40076778432990934,0.43506289761272265,0.4409869729627109,0.40399763825346396,0.5239848881126283,0.5809595796465874,0.4528867393010215,0.3956659261773272,0.5098813277557183,0.5247695879187695,0.4423522233464229,0.413800525807199,0.47230642676799933
79999	1	66000	0.4405248014171139,0.4419166840758978,0.458640013036411,0.5393201949931467,0.5721124104491161,0.5936250790485246,0.5858017936929479,0.535626269412457,0.7781767039647642,0.7875808316308099,0.5232822561100737,0.4427453654743459,0.4537457399948468,0.44167349872917966,0.5641595744296332,0.5886249448123732,0.4963354318599983,0.45376420445740223,0.4431507948719327,0.40623387017924534,0.39487702701287936,0.41640363943081693,0.4260917326717666,0.47914948978666533,0.4474017425580362,0.45844084970534793,0.49724694735501423,0.5086118293335748,0.5237230321931355,0.5946338340856027,0.6101794983450658,0.5210376737677321,0.44480746887492006,0.45024714408293054,0.45394246128370175,0.47303872299166994,0.47677177500147305,0.4736664376291288,0.4279582483981683,0.41256608670720685,0.4053754931545421,0.4108007912248431,0.425779372879437,0.4574451325656651,0.46172493704311224,0.4543598311557619,0.5481458340254095,0.5828085904647423,0.47237107393845834,0.4373184629806557,0.456251590394638,0.4412611832166464,0.4271368253907878,0.432947496952905,0.432790557253087,0.4310372100323856,0.4416370832401773,0.463135197956041,0.49522568692701946,0.5040322637412606,0.4950155566755376,0.49461341881361165,0.463562443472293,0.4310430819674056,0.4157605662376066,0.42662281546650865,0.45190388494067724,0.4476527541111677,0.43516599818702656,0.4661552614033824,0.4440123741401405,0.4264633465896953,0.45481136584425114,0.4443015960627647,0.44337201203215176,0.49195332614193976,0.5009027339742336,0.4659760711590449,0.49206257798732855,0.49279108555446116
80015	-1	66000	0.49812890643499147,0.4487453403848189,0.43142128528670715,0.484399642809382,0.49860508845465995,0.5427140622568769,0.5497573967267334,0.5853663446951886,0.4913238988838334
79995	-1	66000	0.4700802739164168,0.5005975350700226,0.5072932769508325,0.47804978173338103,0.41621056497825676,0.4751517411460166,0.7122513543063697,0.7037604640830647,0.5547954935186049,0.565002396405284,0.5834899554522861,0.5569493288561802,0.4700505323346379,0.4389993011123604,0.4252975759944859,0.462913286968933,0.4308696978920651,0.4255518513088374,0.42783315860308135,0.41810352632388975,0.4398260074917988,0.43058127238608823,0.4680902323051661,0.5006086895255004,0.49879010492249537,0.5009187175830205,0.4607215587458859,0.4268894682064751,0.43734894442942834,0.438968473010593,0.5937759044923281,0.6258533850864128,0.4892942922168903,0.3980360558505432,0.38746046970833786,0.3890789961990188,0.4047579410842862,0.4402189240223024,0.4437506399875463,0.4185497304885694,0.4436839308510435,0.4725643711696778,0.43254359920373125,0.4355251265937699,0.4783527941007229,0.483896723985672,0.4344791367247298,0.41693270770020974,0.4844998073033772,0.6047656504731429,0.770205245079363,0.7761423227315891,0.7324007171093538,0.6636839040688106,0.48954094694903877,0.4568983131748998,0.45592566813010516,0.45313228069052186,0.5053320426826347,0.550021452402723,0.5012669960657755,0.5106332153762312,0.6721925624469032,0.6305313707398088,0.501434269472488,0.4779287545365582,0.5130295875149036,0.5004669173524298,0.4650763527705119,0.4282279645854777,0.46518672465391764,0.48206052061781957,0.6148172113182706,0.5950739348026777,0.5013740588360884,0.4234367262110452,0.4816829687782696,0.5275182615626942,0.6491018235013726,0.5524518038053436
80013	-1	66000	0.37966951383046865,0.4391191153661579,0.44579972078402835,0.44990986270526434,0.47588569199552344,0.5145584053731378,0.5019305589107367,0.6089760153776124,0.569528531104746,0.495374742631534,0.46412112428383395,0.544333650785334,0.5448019813726293,0.6322389434474384,0.6940467803898253,0.5376241781295986,0.4858576779095632,0.48400063738638527,0.48311634087443944,0.4742004686177022,0.45466732954689365,0.42991914217536514,0.42003452574664896,0.4285814160747187,0.40121909800697775,0.41906924847444876,0.41904930317843403,0.41574829017243736,0.44206177088238247,0.4790964478101486,0.49789926659969885,0.493393102063323,0.5101084291934967,0.5837317062390818,0.5017862048260001,0.44550436162031615,0.4756651302601429,0.4510337525244915,0.43657264020656333,0.4464724017750649,0.48708205860414544,0.48505726811431704,0.5300597779284743,0.4722435983284464,0.44189832434741727,0.4666558923405428,0.4717713576400658,0.47284210498990686,0.5082373306105368,0.5656390061905218,0.5225983545090418,0.4461901266516352,0.45984419326433973,0.4339347874696276,0.44054687173679624,0.5727268942949569,0.6966113426959982,0.7027316911792978,0.6050413502465695,0.4812670667429228,0.4537414756253802,0.4604048374489214,0.7470518259704113,0.8265516244131943,0.7971111054420471,0.502582043114275,0.7913723092968181,0.6657820416219307,0.5860760975809931,0.6171692871903799,0.4807267455184985,0.5333852152131042,0.6017152190868265,0.5633808607552327,0.5146969494431518,0.4816628838356455,0.48063418069524627,0.42155755528559286,0.4348107168743433,0.4586365074570002
80008	-1	66000	0.42766968386383347,0.44923775240046077,0.44858752940810703,0.47079348332994203,0.49685828478968874,0.5130303068829409,0.43424747948502673,0.497193042051832,0.6455745072815362,0.6076457609023367,0.5001069197590037,0.49290402446474346,0.46287503520261897,0.49162662858739864,0.5397070603711265,0.5257619794718055,0.46562992320584423,0.4154278771141648,0.5337869207371155,0.7254142075456599,0.6855205138031032,0.7181362187446549,0.8019417334592879,0.6993953417385778,0.5878128291604048,0.4738121796708081,0.4425772896834782,0.4198795803757601,0.4303849893967546,0.43484461780001477,0.47049734057569087,0.5453762163375986,0.49107717707572196,0.43305196963536197,0.4152259820385983,0.4721922202955318,0.4971699671311812,0.67200174822083,0.6639880852934755,0.5331096351851244,0.5209139618125275,0.5931924229217728,0.4794806184768677,0.4837706596413745,0.4534237296676319,0.47649989566337175,0.5284317487879738,0.5064596749243644,0.5287013726438431,0.5961447023954548,0.5603058249100872,0.5357034602552003,0.5563500142916684,0.6041479188252271,0.5761254812444087,0.5063115649587201,0.49929543178013036,0.590255153517351,0.6050007523508633,0.5216851205063554,0.4553890703769212,0.4492073295783604,0.6667723373724864,0.6853862060871843,0.5344587257066806,0.505184597037371,0.4935655560563592,0.5026618907084832,0.5106788872229273,0.47563978075106744,0.43969401396603225,0.47233791519252083,0.5574726669094231,0.5261978063784855,0.453927811348077,0.4862574189901352,0.4442122173350575,0.523952648810901,0.6285251393590284,0.6547756072721983
80012	1	66000	0.4125360133200346,0.4072382104691684,0.40802243205023486,0.40902641872244494,0.4178969900716435,0.40544288218281677,0.41177657482907637,0.4185965519601649,0.42877621732346,0.43953667499377896,0.5211512086292108,0.5789600763543807,0.4951075139692274,0.47404238677793936,0.49718534291149624,0.5273817774813258,0.4496676409244537,0.3989824340746632,0.4067694989871478,0.41015457748118495,0.4342237304246754,0.5408851834074143,0.5479557547395462,0.5334207865770252,0.48240480739071606,0.4964998697533327,0.526555732070404,0.5859358533611142,0.5904647842507554,0.5680113546739375,0.5112978785202421,0.4443295469178873,0.4338194003246859,0.4472460017733498,0.4240305363096611,0.4175812941987801,0.49702347601177516,0.6283972542025003,0.6683826022533517,0.6562218285473348,0.6281273512899196,0.45559939550227874,0.4504565949725911,0.5307793155243444,0.55676155058062,0.4951698075728401,0.5394286377439294,0.6579168303376328,0.5943351529325758,0.4596102637013579,0.4526700626391207,0.4376481025060498,0.48222615753118986,0.4713367476455263,0.4172091990038513,0.4017053586794129,0.40469215111945994,0.43887633085250854,0.47367816423216175,0.43709521058418743,0.404415584209433,0.5381222067595418,0.6444674233096329,0.6515676614820448,0.6020961354708864,0.4401233851909637,0.45620684458548766,0.4405413919971103,0.5964562382150747,0.7940956789876612,0.8144219865780751,0.7898650099875546,0.7065363685325947,0.7475170566170823,0.8581936395267233,0.7802736655590816,0.6111269970786386,0.4822264005461957,0.4463520313418189,0.438665938969606
80020	-1	66000	0.5747739941843094,0.5549525046390108,0.4892960413517011,0.48146335806762963,0.4490362768237655,0.456328586097491,0.4740123180406434,0.45582393550537004,0.45792836032626105,0.47715144600543674,0.47632708279398156,0.47043213328376005,0.4819403637811334,0.5003061756873742,0.517853992816353,0.494620495227002,0.4764885406925845,0.49812637339565075,0.46829032411038035,0.5013066856159414,0.6798686046456415,0.6853493271505131,0.6688723846658923,0.7026190450631602,0.6658378783362864,0.6139968069365773,0.6022561662074299,0.5851080505382533,0.5297920930539906,0.444388824851573,0.4368156603404454,0.3928877984790645,0.4045070642774755,0.44024153314169173,0.4998915768389044,0.4753054675814339,0.41020965069877596,0.3910582672839628,0.4485007081466185,0.49366797715302846,0.5217621614302653,0.6104049505331577,0.7536699974950556,0.6051989624243297,0.528491878210787,0.56614942220902,0.5484672418733438,0.5097573361348543,0.4735354445810792,0.5046856940394701,0.48575020664955076,0.4927678090058455,0.6033352333684212,0.5473999019008076,0.4278179184965244,0.43776525584551,0.4521872813210768,0.4377289078195779,0.4474157418700911,0.46544434800744056,0.4812805296939465,0.4845525821906397,0.49849482486324925,0.5414695303655613,0.46757237561817827,0.4393527360994424,0.4791139337037114,0.5552075252791119,0.5560303787267747,0.5143062053080312,0.5195987560699895,0.49611902160876864,0.4987218682559169,0.5212705559829576,0.6073196670764072,0.630337726523858,0.5560395092623575,0.47688917250468815,0.5141711765127219,0.69913066763007
80026	-1	66000	0.40774937639845177,0.38877990968929704,0.4515540810192333,0.4453213250500032,0.43325806612318213,0.48139204087932985,0.547166167352444,0.5357445746740562,0.4490059206192506,0.4056096728891134,0.3937181552032848,0.4037015041086211,0.3836732092146703,0.4156062578087422,0.47563726458572536,0.5048017134071712,0.5100054182978564,0.48893611441252927,0.46885607141325375,0.4949775247536984,0.5197072271690812,0.42078331960182563,0.42797420433787414,0.44547018986837617,0.518494842786354,0.49681056012360814,0.5077833463420798,0.4944920234066656,0.7555089364968129,0.8836369318946912,0.6965872378306855,0.516603792204839,0.4494535077863665,0.44227179004920747,0.43883921842619844,0.4717028843330555,0.4651209497527712,0.4328710884317156,0.43636912359713015,0.45457253832343625,0.4530443285267784,0.43217847953997385,0.4137475711734671,0.4617954726730074,0.5057938494832044,0.5102093379077671,0.4952536518599057,0.4631921576215075,0.44798659134185176,0.465072672449828,0.45212894711229534,0.4455418444198111,0.49487732339274976,0.4862845581549926,0.45710651334079483,0.44714596783758676,0.468833636608183,0.45671849941861803,0.46903066164181556,0.47695652055740356,0.42550417406218394,0.42778304125527916,0.44583759924550076,0.47752350813721955,0.4792321967356133,0.45118843313235385,0.5210804161158475,0.4704829823828029,0.43395688227131,0.5315930937335699,0.7177661051625326,0.806146800055267,0.6043294748827203,0.5581401113556465,0.46117369503779926,0.4124000213599279,0.5945808424110033,0.6964172959648153,0.7010737695627742,0.6383219559676945
80036	1	66000	0.5321879911338483,0.6319472407853162,0.5828631389272082,0.47725513458000457,0.4713823790967899,0.4582968940053667,0.45000646713080705,0.4333849085601795,0.456650433873358,0.4742212706741971,0.44219011025524685,0.4423615004802715,0.4212628684182098,0.3967425889644091,0.3465694340106049,0.3738335028169601,0.3936382019379008,0.4101727312519437,0.4250983186164443,0.4314237173948213,0.4125770779285571,0.4026658162092551,0.42807523602125597,0.46121257809788063,0.5866590860299766,0.6964387618438184,0.5368922667144096,0.45018534518423536,0.4420846460570752,0.4437265541003301,0.4375465367543791,0.4355581639760948,0.4330885713968435,0.44572997120293706,0.43553981264336056,0.4715351125180925,0.5298249028192079,0.656860924653986,0.7791226759061709,0.4459285732449555,0.48833165713942545,0.6381219506967725,0.6735292731152938,0.5050323382185198,0.43250771908000046,0.4401748854116091,0.43104248523127797,0.426389284258665,0.4521161437533391,0.45924374856889494,0.43493815493725596,0.41484052392794735,0.4071767412651301,0.37333842316832305,0.3831347760533084,0.42008999248720563,0.4689472329849909,0.6085786723321484,0.7361846041679382,0.6176064021123615,0.4076330289244652,0.40774521189676205,0.45057178546886634,0.6041099629911458,0.6239125413778133,0.5367027459014438,0.5031706363988108,0.46678237859201754,0.4457889337601734,0.3997709566949348,0.42775518886791253,0.4655696780955205,0.4673747248374499,0.45036728929370323,0.4644362344974425,0.45280061714131453,0.4408149165358189,0.4529941509193291,0.5441499327984024,0.5833937987060605
80034	-1	66000	0.4072343086042712,0.41709161433391273,0.4068588609219996,0.41589435629728366,0.4759051195075435,0.5052009205405529,0.5129284924930997,0.5125262046674169,0.4429290659617687,0.46661211029496247,0.547459412481367,0.5583721635121743,0.5136165297558518,0.5043859019750306,0.5003342008484262,0.4659214390246249,0.48300170728138514,0.6007395942211151,0.7579936581384007,0.5433138827770805,0.3874070989786332,0.3685371409762989,0.4410444571047413,0.42879000678658485,0.4551665347069502,0.5859911082814939,0.5554900019038659,0.5530686723568805,0.5205616843601575,0.49280002159004643,0.409525899682194,0.3899971328932664,0.4298501136510269,0.4105807715654373,0.42397252614326897,0.5975589446155479,0.6424906390245592,0.5828345529467082,0.5361987166703182,0.5411147505044938,0.5053913013842724,0.41894986978599,0.403457409278913,0.3900858630698897,0.43874646536139555,0.48255003676131053,0.4690416345245949,0.4557756232131611,0.43586795882020196,0.44210208994656924,0.49063678281585665,0.48476238048749903,0.46723260058031385,0.49761954718764795,0.5068796202158317,0.47710759027136695,0.4629541256897886,0.496446177482605,0.49608901974766756,0.4666735125244211,0.4446548500629229,0.4613441588642361,0.4653845211403482,0.47327209141968335,0.4813583638115554,0.4889602530002594,0.5506709904897781,0.5407261267203509,0.4663239065278521,0.4665358548415335,0.4864907673249642,0.4726082911639339,0.44386920852570977,0.4085858061346809,0.39451337206092746,0.4224483924788852,0.5249240734988467,0.5819138783236147,0.524945979285392,0.45698390677084333
80016	1	66000	0.40448176551289655,0.38760133600493435,0.37586971478802816,0.38583328551296736,0.5226463322329709,0.5886227186111843,0.6073956116310602,0.5262684609985699,0.7479510939451237,0.8630251859384062,0.5563087657094001,0.40279471429225006,0.40161484572622513,0.4197960136567845,0.44844009128271367,0.466898151023208,0.4468455225229263,0.4428377950931118,0.45305949862186723,0.4444537620816455,0.4870422690003007,0.5485676682375847,0.5359874608029738,0.47328203609615466,0.42409361220472225,0.38853060603141787,0.3968382912143221,0.40186543333711044,0.4541166288288016,0.49117296111364306,0.5905267159030225,0.6005075922964708,0.43547190608831804,0.4818801255101343,0.4958699146624316,0.4488894317309988,0.5512063640598966,0.6303438149009947,0.5939121583463453,0.44113281132287063,0.5475820427240148,0.5484243673233946,0.5064315715174724,0.6018628710880876,0.6276716215082401,0.6095561936063674,0.5009823045422954,0.4945502347768621,0.4548659736399531,0.42244650731539596,0.4076891237167066,0.4136335821946462,0.4083221118161633,0.4011884417878576,0.4250298022462156,0.5446648976147765,0.5999957575501994,0.6220222884456944,0.6294825645682309,0.5142757618392008,0.43054192022579474,0.4142983342482619,0.3900856388216259,0.40913007677869595,0.41405706532696573,0.47027763558215785,0.48087904203233334,0.5079735064446324,0.4871693460321526,0.4603471565201427,0.4496543106030334,0.5819846166454199,0.5773968199541518,0.6408352723711644,0.873262109938595,0.7383428804777764,0.46270900576898494,0.4780285027875027,0.5658149008280058,0.5548565123011084
80022	1	66000	0.4156665498302096,0.43004226903016657,0.41866251792226516,0.4437004556410185,0.41199152783914045,0.4662266451756931,0.5294502365675213,0.5235716609917965,0.4379609409606818,0.43347864609267844,0.3944559673468272,0.4068107074323083,0.4107763593283174,0.42729510366916656,0.4473404919871917,0.4669255176877794,0.45798919555988715,0.4113178178668022,0.4072611104409086,0.42835547425189513,0.4372377677190871,0.4450953453199409,0.44003808765738495,0.43492599396563286,0.4157527569064333,0.412422123309159,0.4430256482248336,0.4584535439330411,0.42401919410519157,0.41002508316486663,0.44255473056147177,0.44856855132549106,0.4308388190511743,0.4039132962819978,0.3673954354069097,0.427183400187365,0.4647648211982515,0.46007207478098855,0.45197942801967517,0.4456799835184195,0.4468290583835435,0.45222480105257584,0.4350860891544028,0.4337365582515376,0.46814587945339237,0.46679227608773444,0.4242619468827452,0.4147057679499158,0.42924020671453633,0.44021021852093023,0.4962498380406068,0.7363310120550983,0.7191699181423813,0.5397476540004299,0.42374496946209356,0.41695485776949875,0.43879942624432267,0.4353263820944862,0.41783203515264417,0.4136626153546371,0.42971623399328945,0.4426111308011142,0.4743463279977666,0.646122229876076,0.7262286684527901,0.6999413138941715
80030	1	66000	0.4117435969506638,0.412213252388943,0.384902744311986,0.43797516180158225,0.49156672544866303,0.4845832493953801,0.4390815066940644,0.4346947329503864,0.437160396844702,0.4661753437437936,0.5318851953274325,0.5205847854020274,0.5223726750366271,0.6774058028031852,0.6867900645813426,0.48911237565439136,0.41135658602832487,0.4396642138068252,0.450707843434375,0.460714335602365,0.4894427474225041,0.5218681380214533,0.5548610858844988,0.47419616007718485,0.44876771686655104,0.45732505174933885,0.4386221753112201,0.41560572755132985,0.4365472702204056,0.4200044002557666,0.4408167868497826,0.41940637866655983,0.46219633381034053,0.5502412632378665,0.5321157840569375,0.4411649806676684,0.443959836786539,0.5546108193758155,0.5421490188920017,0.4537157660789704,0.5498168559537994,0.6373818378994558,0.5772690135184849,0.4714467208365544,0.47454171797384104,0.4617264305665596,0.4216006219882384,0.4329041872442383,0.4152517395360129,0.39376321768966216,0.4116334820828852,0.41215814499033465,0.3887631013875699,0.39270084033841673,0.39182088416837996,0.39520597734278246,0.40973530500023453,0.4374094546965833,0.4707489417093556,0.4419929827016497,0.4478536751722136,0.44788913516437306,0.7392291736985566,0.8655784137067739,0.6109256944913404,0.46663446961478755,0.5270740635128228,0.5205053027426259,0.43130182686287005,0.41451899800004,0.420308094077024,0.4170848586811469,0.37452929243989236,0.39354701883984966,0.39163152608325924,0.4013940021847234,0.4686217673800208,0.443757244598553,0.4452490853535017,0.5064015793666411
80029	-1	66000	0.4522507233852489,0.42293321435098297,0.4280914176415295,0.4556551516264469,0.4734431239037678,0.45884731972730286,0.4464856440144329,0.4473660987218221,0.5767477943569502,0.592687004749079,0.5096494898453826,0.47771867679485813,0.47026391833200365,0.45829772096585464,0.4267798226674398,0.4260592908016133,0.45730849934108364,0.48045527935028076,0.4698973183741655,0.46017356741207616,0.4897375822867323,0.6276788946671702,0.643344255395172,0.530391453978527,0.48230437341069743,0.47290301997516604,0.4723661342901843,0.5379447805792538,0.6406413707208921,0.5206785593285906,0.39558270707344395,0.3920247279680692,0.43062425627336876,0.4406920879896433,0.48343792347454584,0.5252630881455511,0.5025752342516376,0.553413264317946,0.6219341035695435,0.6531840361350653,0.6647908758176001,0.6452793201614666,0.5669639717144679,0.4754182963676802,0.4448934607691579,0.4961436024678299,0.5221109795926222,0.5069158682547047,0.5548311071681359,0.6106369827848032,0.5322234619681429,0.4456292142014985,0.473812026405766,0.49733905910880644,0.41875861696342925,0.45021357310709553,0.52569776220559,0.6782478880156916,0.6728732934755872,0.5397294860634004,0.44411229971916444,0.4729699956253171,0.5581622274423187,0.5042100995405575,0.4582098296908445,0.4284129493229882,0.42556546398518996,0.3988397950475866,0.4064532404360564,0.43061486893976236,0.46829074282903926,0.5551159947575209,0.5397736790801296,0.4032799134791737,0.42382114360641154,0.4432304267178882,0.582089202532155,0.7716207217800525,0.5626175876442842,0.47219983708558594
80035	1	66000	0.41366495035863127,0.3973747253023236,0.3866004399980359,0.40434411848234436,0.386075594531956,0.38663609460585535,0.4073489071104114,0.42679776564240457,0.47518834041669067,0.49345074045030696,0.4395036831538311,0.42868721330096954,0.45956470708985725,0.5119797774839185,0.5129332720354676,0.41530776659289637,0.43562051016925823,0.4771860372494249,0.48570637375201253,0.4303556177765131,0.4584833331027273,0.4532474020061943,0.39530080851427346,0.3883739748868075,0.4133316356811165,0.44578182871070615,0.5273058638744748,0.5681431802874761,0.5828453461975156,0.5812157253883112,0.5855502219223004,0.5858649979611154,0.45494949252664096,0.38920276062241915,0.40480553734619007,0.4701381561656793,0.47278400555979916,0.43348801570279255,0.42280052991753275,0.43190292871681746,0.4035442832585246,0.3614411931606679,0.3395413559133356,0.3849694285065957,0.4376932337932055,0.4501269112503718,0.44886270045835436,0.4183525150974855,0.3981604028869589,0.3687762085449051,0.4006154813115604,0.4391063607007361,0.4350370766420878,0.43537960744098475,0.4203893611796748,0.4307392609470031,0.4516333216164686,0.4612037774857816,0.4288089913693634,0.42279604011598754,0.40465736229723864,0.5974208180720989,0.6574178908451375,0.47567233057426556,0.37952940426374737,0.45350912821292877,0.5151595783233642,0.45991411275845234,0.3759673750070932,0.4159609448402486,0.4381239220408574,0.4530223956217571,0.4599652230573564,0.4462829025522355,0.6922331350350959,0.8900169856238581,0.6960358910925887,0.46606919877023006,0.4546554594960256,0.6587623784970204
80037	-1	66000	0.4676058654222465,0.4658439061220954,0.4209636816543019,0.41031974599446136,0.43548797473311424,0.44928646584351856,0.49704784231091087,0.5063043284932138,0.5397178460420533,0.5523907808881057,0.4509689228080126,0.43233916877807305,0.45900634034282195,0.48808424959334384,0.49901910970126157,0.4371384257139199,0.4089680224529152,0.45527375641689505,0.46080617575378685,0.4184048631742819,0.4668527382425964,0.5269373087487983,0.49109890196524875,0.5159340228950768,0.4618517867330805,0.42995508525852866,0.40974757159091385,0.4501505600554602,0.4579792234176647,0.46112667828957665,0.4871506965879736,0.4992836544165027,0.5066291210906846
80041	-1	66000	0.4957673819119091,0.4785809744728936,0.4679735725365796,0.4322857049681385,0.47381528296197456,0.618854557147283,0.6456998437643051,0.588543787267473,0.4652691354696778,0.44007699826047947,0.45071484340232865,0.45611791578374167,0.569434242880741,0.6261749788965777,0.5452795559192594,0.4454648878181492,0.4343855462886475,0.4529314228194825,0.4983238344484905,0.5357926829898958,0.6434385033531321,0.6934665427388738,0.5942417500274522,0.5767341575760773,0.4638372396213421,0.4893477322199406,0.40688634473224017,0.40333417294830676,0.42083644793175234,0.4413050545092246,0.45763780539517573,0.4328465009057844,0.46260982332095296,0.44583746766851795,0.4274953689477215,0.4675602671947885,0.49952068240448616,0.48892674661981755,0.5615519471359799,0.512780429051325,0.500511237541161,0.6781776375607481,0.6057672898313698,0.5072775585464684,0.5060927068003144,0.5020752871680147,0.4866979635822085,0.4461369767137196,0.5068488577212668,0.5956536352845794,0.5431090154145893,0.5474125332491738,0.5656102983200032,0.5761431642137207,0.5747712064318282,0.4834910339365403,0.48026836560155356,0.46493723363465583,0.4648183137178421,0.495310989508569,0.4705086682416216,0.5275267545254,0.7182298434879186,0.6319652761627989,0.49971871917898003,0.45953927652661686,0.5274735077833518,0.7170678328531386,0.6650086764293381,0.5434278479184617,0.5451172787350969,0.48137181405983276,0.39643472897401755,0.4327941664816004,0.4254689294577651,0.45789266757908825,0.401875764131546,0.4155213850917238,0.5205991811207206,0.5407116621656879
80040	-1	66000	0.4946209027578956,0.4492005365024699,0.435627160248933,0.40830197336762775,0.3749528337032237,0.4145573288068643,0.4488533920711941,0.4382798287315645,0.6328234287122121,0.6401596656867437,0.5134909675415769,0.6097721333584089,0.6878998210614032,0.5597548351302885,0.4214354843643636,0.477048235340706,0.5095293052312805,0.5698468685150146,0.5704430350276272,0.600449830578845,0.7259594546237462,0.6504700964932991,0.4678239701932316,0.5201983074611207,0.4757797841643011,0.4197545542048352,0.42593400424365796,0.4659885602999913,0.4846608461013862,0.4897352375330464,0.4461123886315719,0.475733329142843,0.4490178420024664,0.44846065879845226,0.4308344055381086,0.42542320617748175,0.428590710765572,0.5918485848949506,0.5973234504611049,0.5128086469465261,0.4800830645023016,0.520254365661565,0.5136522658107695,0.47425600150962927,0.472967205070407,0.47393362053105087,0.45179580113162165,0.4513303015353906,0.5015091228922572,0.5743611548665309,0.5658330531456531,0.4900724280826093,0.48614606954989126,0.4890105111973129,0.5029496558448847,0.4801326874490792,0.4391714902374688,0.43145240825342845,0.4560237760535516,0.5115710502923138,0.4970967329764164,0.4633967520822074,0.4760720985757429,0.46660190979566646,0.4695161568670876,0.4954490376770167,0.7016005222700232,0.7890436849581501,0.5245031992531126,0.4380848098581082,0.46066902306514046,0.483340313202118,0.5462705494315775,0.5377772798140844,0.5321252485639171,0.5782630135901541,0.5149197475521604,0.4930479617502827,0.4843159282598833,0.5164895033635073
80038	1	66000	0.4922419847436275,0.5267641648437296,0.6359436645699222,0.7012343838190039,0.4284452246295081,0.3986988668829512,0.42866155878770723,0.429657566100359,0.4192192656034864,0.4085786759220953,0.4160222275422351,0.4210630842508414,0.437665592139797,0.48535749456311905,0.5170138103311712,0.46580030431915426,0.4190725616554716,0.40128957391494796,0.4779466313783685,0.6550682210109451,0.6744394036782843,0.5703407883907259,0.38580081921357373,0.4062193649918286,0.43687444016337396,0.4460348751486802,0.43766971446098163,0.45574926395307885,0.4482875582742077,0.45641971249812047,0.482791199930397,0.5196522761855209,0.6153514453410162,0.6766929723895513,0.5586708649126944,0.5043004665523767,0.4827325530024381,0.5724334487760508,0.6798772284528241,0.47213672733668127,0.5127621117037732,0.6419090139761305,0.6286107450306249,0.47168831689288193,0.42411070788967,0.43584502048521157,0.4468293515118686,0.4338198136218225,0.4508210132230061,0.4772023668166677,0.4542180845706627,0.4059613389127395,0.5086340332072786,0.6416195802470689,0.6481062923760518,0.4900940278366254,0.44252788235668006,0.439977050395239,0.4248985931800123,0.4091028479012576,0.42799047847370525,0.4534168445012149,0.4812624127910541,0.4451053871048821,0.4066935069859028,0.45235220351744265,0.4961326322840445,0.4721524162553646,0.4066503811784151,0.3964831213698859,0.4929213915428106,0.5190462342330388,0.4447642840720989,0.3868848314393038,0.5936608112775362,0.5622019499099901,0.46745401136393616,0.43267629132327806,0.39021603089685625,0.49945296800019695
80053	-1	66000	0.4852613124155229,0.44866188451295763,0.4578127790702863,0.47025632007708995,0.4446149243265026,0.47663855606440414,0.6403882412873593,0.7385056465864182,0.519733660361346,0.42007867145950584,0.45531025272149306,0.4814928316508078,0.48143519998728473,0.4622514856104948,0.42818661867164254,0.4221544907643245,0.4143140165796203,0.4058202401949809,0.4063151044995373,0.4211777965091679,0.48164578924213886,0.4458165111607068,0.4687199289734299,0.49910461841797343,0.413698982193832,0.42601546501191917,0.4447807661124638
80058	1	66000	0.38630390587975,0.4029060802933724,0.4160214469070834,0.42670266151702896,0.44198502456960953,0.4247917805779849,0.42397395181323594,0.41424058400905195,0.42680865325793266,0.454840045296744,0.4577271190985125,0.43373187255726553,0.4442641193216497,0.42140479882558185,0.40556589362040085,0.4271725447462877,0.45998838864710107,0.45855129917462667,0.4389966394745503,0.42544261046049825,0.42077827330248546,0.4330125484625092,0.4821624761464827,0.45412085701522215,0.4526592732410398,0.5364297496626702,0.6425138625976532,0.6658056478809428,0.6438585672549169,0.5992680876042056,0.4701124350298647,0.39183799443037615,0.4187605809958684,0.41805993769374594,0.4108839069755332,0.4235617159667173,0.4514685737560073,0.3888713093977126,0.37130057821704393,0.3811279458313411,0.40366213028164427,0.7357455824562942,0.8660582025748214,0.6862286526411386,0.4369615294517727,0.4120220979909316,0.45349411512243337,0.45246216022968294,0.4323222384017001,0.4322214555869464,0.4349802783093391,0.4323737823963165,0.41824870705604555,0.4053951819583136,0.40292718825496243,0.4183667517972715,0.42647718087486597,0.4254201009640327,0.4187022484574758,0.4238066455582157,0.40904046662488774,0.39022221104808585,0.4316388642134732,0.42795918188472787,0.42400354108626437,0.40100119354731717,0.4507129237145365,0.4775488762255501,0.5126309525423608,0.4815216368012384,0.44468234111574406,0.4678572356964635,0.45363892644251647,0.4424173651969994,0.4551080858361894,0.4820319190621376,0.4896841042626331,0.4130370010667881,0.4023373611680754,0.4727589456537335
80048	-1	66000	0.3814455570418978,0.4357769371433692,0.41993990139714604,0.4157316688965224,0.5974658306372368,0.7412033461581515,0.6903900137064567,0.6443747448951692,0.49241875000607604,0.3636822134722024,0.40132481761250205,0.43768204796698784,0.4298773198572111,0.4261210093863236,0.446777816996517,0.5980684178716996,0.7574245192671335,0.6436754376280541,0.42134173380004036,0.40902719453529074,0.4293899394723834,0.49026404823127545,0.46523509082499515,0.47162443159315826,0.4935745211685596,0.5076806348787916,0.48118927463855177,0.4416401035575024,0.4224172162338042,0.44648745596066286,0.4581071878301686,0.48732581081000403,0.4851417563034101,0.447767940497844,0.42784640866484347,0.43103176324478704,0.45207573060352024,0.5600122730403938,0.7278474283780103,0.6411182359318061,0.44795174564582757,0.39777949555166836,0.4241975893750008,0.5586025638184252,0.6500943919922832,0.5559518116036641,0.481110796393681,0.48402414340199085,0.4749786367882853,0.6401285221652379,0.6098293723204197,0.6560514937614051,0.6528200867874869,0.5363629628573695,0.4844014767909283,0.45095170284762526,0.46720609548448144,0.48318695010883467,0.4523611326630299,0.39261191218406305,0.42180079378579793,0.4708471960158803,0.5513881981776476,0.5375614065420011,0.49593688293201166,0.4591500955693265,0.4382025102096206,0.43817067076762517,0.5816037058289384,0.6220806642613248,0.5518827073804213,0.5016589163221078,0.503652086853981,0.5256665424044643,0.4878807410135938,0.47147436580985286,0.45946355498787284,0.4373873891234398,0.5158705888138978,0.5697073337613229
80051	-1	66000	0.5084788844040229,0.5468436408414148,0.4375301246382609,0.4080735974452075,0.43733628070327185,0.4668567778602723,0.557322652343351,0.5842774698027858,0.5278146080379411,0.4983453024861865,0.46175405700283356,0.446517781858091,0.4646218470772918,0.5026325527299395,0.5183314975239176,0.4787227510081397,0.43337810055985637,0.46659307661173227,0.48270953877675576,0.4846084668868926,0.48579499379401786,0.4595580928984319,0.4782775900701978,0.5045237782392692,0.5118880793452263,0.49465277091956433,0.41948065965502096,0.41202718976989805,0.44946038938801863,0.4826161363679502,0.45207565775284403,0.4170747572806344,0.4105881770126155,0.44578677924521953,0.462019227784523,0.5021997958352238,0.6349791572967046,0.6120777767709739,0.5149303148838057,0.5103296984398246,0.4604876894233136,0.41094028461174886,0.423607023698943,0.40142476031793417,0.4375649169440518,0.5300402739580642,0.5121129070102259,0.5127527952296803,0.5002070505914397,0.46663961300918877,0.44541829345481737,0.46808014998630604,0.46341881301023263,0.45010989100434057,0.4499201798892539,0.41850585708251364,0.43090632866168843,0.5370667073233374,0.6554949762838664,0.5709585248093519,0.4692854899239827,0.4145742757793735,0.4697133763996577,0.6534082007017874,0.7612479609199786,0.649713931806752,0.45921321047676933,0.5218421132940995,0.4914279048602412,0.449640562836553,0.4406683997709684,0.43058359432551596,0.43318795242078223,0.47715200658114454,0.4356151277215217,0.4279379847573071,0.4338210987508612,0.45682487058426174,0.4785278229461367,0.48756184203052955
80054	-1	66000	0.4428068075577418,0.4177481699734926,0.42366654339891213,0.4327867745563684,0.4214209123413161,0.47837132616264605,0.5863341762224833,0.5950815391734363,0.4938367503588317,0.4660730626243744,0.44253393707515526,0.4356300374924742,0.4712155720501235,0.5085525170890326,0.5190711767222751,0.4964027309883906,0.4327793833961246,0.39056728390546946,0.38911640337284875,0.42544599106678593,0.4113726256457904,0.4175600754915421,0.452452589944005,0.5059216708933573,0.47653036407522253,0.4081006897328722,0.4259769207941441,0.42679586873334996,0.4335404245160785,0.4494319044408344,0.45088249583900114,0.4465390557029341,0.45288679676990573,0.44889140089746354,0.4718395862848528,0.4731297459751887,0.450822700439773,0.49772369920910886,0.5281939441174791,0.5139897023841786,0.5133568858299997,0.47988271173284447,0.42515595209213997,0.4383077352193364,0.43740776420597094,0.41763193702419443,0.4541076683758089,0.45409739753231404,0.5209178348154598,0.5591630259009658,0.49287949599010844,0.46934987496172964,0.4642763515256537,0.4432709744205704,0.4417930866829604,0.42947176500008655,0.4171143546992657,0.44558886286899513,0.4277065832972963,0.42295426968485117,0.4827124865192754,0.4743623011017556,0.46273847599314827,0.47725655265050393,0.5134536865160619,0.4999282590968617,0.495287465141309,0.5859528777032795,0.535966977244243,0.47147801280753016,0.4454303923994303
80047	-1	66000	0.44785754116165716,0.4315936606249705,0.4131096085076818,0.41004963461742844,0.43966678166534845,0.446277518717336,0.4524564960228851,0.5235760561280343,0.5284313024867194,0.4859611981743527,0.45933943300434715,0.434838470934826,0.4772427233105356,0.5180808984110136,0.5101683795591057,0.471804098434787,0.4894927989463417,0.5021212291916765,0.5872216322298708,0.6307058017223309,0.5158921316234287,0.45972112262950227,0.47257576393659667,0.47109716169295773,0.5132187428240923,0.5848198288460272,0.5601209011110414,0.4686745851490628,0.4363837776116663,0.39513300935782136,0.45433286925500654,0.5302328751742384,0.6193679948927651,0.5977706595607426,0.47925065842509623,0.5098647533068016,0.5712603495770564,0.49386095714689504,0.5115861919994401,0.5488521120440406,0.5279086022656386,0.5127483823240411,0.4764107925112244,0.46566701176190617,0.46864285310730336,0.4477488349874814,0.4520125866120814,0.4743445872890283,0.5001807998322961,0.5050276743788873,0.47364208928268886,0.4407304543715257,0.45450927090534965,0.44754939257897913,0.43739045795824366,0.456427183398541,0.47534478482761755,0.5036841525115828,0.4880315107507335,0.47673080549007507,0.43350019135059564,0.49566983376388196,0.5942697923317134,0.6701530133468517,0.567978321779065,0.48650192570204687,0.7080326398648775,0.7921487262406325,0.609822256361494,0.44978610853354134,0.42327614877145614,0.4237373283454682,0.44878325674148245,0.45361161219176427,0.41138961518596034,0.41016875994511137,0.42708184985553516,0.43003895333627373,0.4300211904377773,0.4280379982476824
80062	-1	66000	0.41633241795576537,0.4182679511693665,0.437787833490542,0.42991349445794946,0.3957782719708696,0.4472295199170967,0.47137567600638597,0.4735957333019802,0.5295636199262678,0.5513317447546955,0.4281430059417164,0.41663980607328743,0.43633819527404255,0.4588385308747525,0.45645272495809536,0.41974379800451106,0.42038017778382825,0.4485130187840868,0.4488239027388085,0.4417851829747541
80063	-1	66020	0.5516407481512536,0.53661224207304,0.5122706492527528,0.4846813050863421,0.5026135973912432,0.5051983739156647,0.5266965850060145,0.5772112432414064,0.5671556769674996,0.49567769024984903,0.5161673764852311,0.48155214696087395,0.4176779472136539,0.42612360087903983,0.4638094672831622,0.4689358712126643,0.47141880563825195,0.457580016626791,0.42496197424577864,0.43619978948244975,0.47970891767000967,0.5229740064533605,0.4925782562641615,0.4853862651651449,0.4881460015306768,0.4804893335057653,0.5611619144076049,0.5858566484420128,0.5411018322969118,0.4592882476766189,0.587901869804245,0.5793322814749433,0.5634854392071912,0.555913640266763,0.5264849718660116,0.48495659854874684,0.4330910721687767,0.45299740072707056,0.5515221147898184,0.5500835443097281,0.4942515461743565,0.46979762540797676,0.5388024939001211,0.5371528696642156,0.5351869604910373,0.5201226001675507,0.4968497987909964,0.5030734895595482,0.588371121720092,0.5800582116549732,0.4595316649801963,0.4045124803363842,0.39525436091896715,0.41513826605361726,0.45792167478678175,0.49606880622570504,0.48604152848323184,0.48634872300942056,0.4363497924139571,0.4230036131132429,0.5082738895295402,0.5386910445926604,0.5616097316145897,0.5065529975728723,0.48704081351362816,0.48059376567294915,0.4915324548281819,0.48370545775923013,0.4641619602839152,0.45025805674675035,0.5022385537090984,0.49844031608583367,0.466995193090822,0.43526124954223633,0.45839671733791876,0.4905204265236524,0.5412563168340259,0.6023210604077068,0.5244210834223595
80065	-1	66820	0.4634260019247836,0.4845178483867925,0.4963865498973899,0.47750886972399725,0.46070060606812197,0.49081076085567477,0.5248639028391734,0.5911726338202006,0.7055966159876655,0.5366012382657588,0.38994193532152804,0.4325180480965471,0.4737062085030684,0.4722981916533576,0.4780626855790615,0.43688065505453516,0.4207282491102567,0.46642894323180323,0.4591656458911611,0.4733465157200138,0.49229388310330147,0.4775469898089875,0.48920856067474855,0.4210896987367321,0.46762194596855333,0.49958436126990985,0.5506391867893894,0.5022520787022972,0.4946630005980586,0.4700537277234567,0.46666814628988507,0.4378097020346543,0.45101754716464454,0.6039970783713442,0.6802636304898049,0.679890014231205,0.46557632888235695,0.450756779835049,0.4394101173388035
80064	-1	66100	0.46955106866686314,0.5390804241362371,0.4932919237703931,0.4434233209130111,0.5021943547931554,0.5704006627932483,0.5223758197240806,0.5192861195766565,0.6189392338174698,0.580950055990942,0.4806397398892005,0.4307746483555323,0.43860699936969955,0.44392203653095574,0.45955308131053685,0.48895653706413134,0.46147087303664397,0.4609975151869716,0.47040946919021875,0.43567734645760575,0.39693785574701096,0.4054552494684855,0.421732517292625,0.42936397289598227,0.4456646067973895,0.4664796448566697,0.47034498150065795,0.4756948476120577,0.486443956385456,0.5651977278069404,0.5528731975894775,0.4229265058862752,0.4741984302589379,0.5075064106154318,0.46286107111506086,0.5094623790545897,0.6175261440933967,0.6280798267215172,0.5164114704956312,0.5130429930437757,0.4669535459019244,0.44394965001787895,0.48694182734323455,0.5409490926941829,0.5736628830632239,0.5675200993257962,0.567937297480447,0.5869438508497855,0.5210969766535735,0.4492184804244475,0.43976488033262623,0.4151787692710901,0.439890543252907,0.4659295641314024,0.46579516342392674,0.4493866147226598,0.47995091773742854,0.49305401596368525,0.7645025364915083,0.7364583791308262,0.5680272166079622,0.5354431479448273,0.45430861127376554,0.41888611018657684,0.42232246417797964,0.4191396759797449,0.39966450356017086,0.4874827142815915,0.5095061375705184,0.49816170601340815,0.5011709668697455,0.4509647271655909,0.4287124629340955,0.3972471649758518,0.37678115778499177
80056	-1	66000	0.44078323726534513,0.4621220827102661,0.43624981748523994,0.4441017308374391,0.43611081382155864,0.4724032728836454,0.5792349806574525,0.6643523696744651,0.5150944827718937,0.40070850603388386,0.36110154295275954,0.412575737032551,0.449339220727928,0.4248312054244617,0.44431576825547636,0.4148429368223463,0.49868199560377335,0.5953720654760088,0.6074654139751612,0.45855041012089914,0.429344914453004,0.3765716030742183,0.41021546792416347,0.5147651164036877,0.4700733154015027,0.43468180176024135,0.4407732511364569,0.42512267441239976,0.4442543864468515,0.5051966076679075,0.4985814623992536,0.46168444283080823,0.4248755863673395,0.4130201092986173,0.4257618426380301,0.4434304049882022,0.6000782156419886,0.7285473981408129,0.5843418339888254,0.4462611544497159,0.43714254586906226,0.4078433705227716,0.4396665394306183,0.45481935250544975,0.4177284931351325,0.42226837748395546,0.44838736735676465,0.536592890756631,0.5506166494741638,0.4936788097616365,0.4642144903106597,0.44146038452952596,0.46942234364878227,0.5431337420235981,0.5491913998454707,0.5134765401424601,0.4961464288928699,0.5047070477554139,0.41803696968338705,0.39500333705886465,0.39404092810966157,0.4163815947679373,0.4174236225879798,0.41438441876082394,0.5172244927173928,0.5796783402210145,0.4036223671864718,0.41882139845942773,0.46143943216036826,0.4657992827933985,0.4897489602381315,0.4914468955948837,0.5593578697334637,0.5572271711417358,0.43890085798955103,0.4193407638460143,0.44046579188469687,0.46448803614167605,0.5006735903614618,0.4605004653550576
80059	1	66000	0.43975322455801863,0.41700395085068365,0.4189212931053979,0.4524553769211752,0.4429478092914058,0.4653489463841977,0.5096610570468273,0.48009173421684753,0.5207030770531819,0.5324430234862219,0.5466942162060147,0.553041912160785,0.5321545464183213,0.70686537939675,0.8220778152346611,0.7857404758532842,0.7263281124050607,0.6296863676286211,0.43277975348647,0.44570563176124217,0.43012186268666636,0.42189432022183443,0.42891327223994513,0.42501606442060574,0.44160019246914894,0.5220202039927244,0.5851303593940046,0.4846346827448249,0.5341435434436306,0.581635179852738,0.4495927042375177,0.4301804587857364,0.42176382499997334,0.5789326797591315,0.8606343803198441,0.7142826865548673,0.5046421546037956,0.4101730645860283,0.4114425911832212,0.40701643713450025,0.481475787290505,0.7993314272978089,0.6895477949978901,0.7236472188385942,0.7324906825523615,0.597939052365043,0.40162348947269005,0.40430589616298673,0.39973435574357613,0.40049846944171713,0.3698128891503153,0.40868177357014646,0.3907888338311028,0.3744745584909389,0.3997710762187881,0.4208710601561749,0.4392562687397003,0.4419622851225237,0.4034105974973904,0.3953259388183026,0.4346584709754503,0.4474436374692958,0.47191856743358984,0.4941418744790051,0.4671554559771019,0.46052769570055596,0.49095893680509123,0.4756424561097629,0.4485558455151723,0.3975383245085474,0.40550745293891327,0.45083450768096023,0.544065705178497,0.6689661137901795,0.6376411415995124,0.47078784706094595,0.4460911581884152,0.4267857251717494,0.4195055088826588,0.40735126729030535
80068	-1	67320	0.4152182002450518,0.46363931255681173,0.4942801766788837,0.5710767709783146,0.44844847528830817,0.4489778150003273,0.531569882088406,0.5594694092869759,0.4568140024682915,0.45577726549572417,0.4692146699679525,0.4578829037655685,0.4509619735335908,0.41976236295700076
80069	1	67360	0.43213405682961387,0.44074870641705627,0.44646451296161277,0.44201622287321357,0.4262237778864801,0.4354928431751059,0.44576556419813507,0.4472275938306536,0.45968527207007776,0.4457470185699917,0.4613504737083401,0.6790627080158596
80060	1	66000	0.4322736765208997,0.3953197210124045,0.3768426184566857,0.4452171457552277,0.42527104637452534,0.42889856689137096,0.45639560833761966,0.4441188644249361,0.4563639232491522,0.44718987614877764,0.42530824200378803,0.4570683556167703,0.4544930283487196,0.391981099952351,0.4042880287797181,0.3842535955937148,0.3946917407278322,0.4119993501205735,0.4829639010131359,0.48880368874971136,0.47506285065531995,0.4632787087912201,0.44030677538092544,0.4130688722644533,0.4122249772440654,0.4368307598029511,0.43063741086799406,0.43648197032787184,0.4383192321407461,0.433291698495547,0.4826948866248131,0.4770048892320092,0.5310236095582079,0.44666471060117086,0.40702178103013953,0.4056720905231707,0.5030230617826912,0.7004487377027391,0.8125692803457559,0.6126958666940222,0.5015559536498665,0.5084748896623409,0.5065094851652782,0.48814472729277536,0.440751878906497,0.3806159172647743,0.42756095973023195,0.4550443031297264,0.4473732163343715,0.43559496173878764,0.5038066080501002,0.7958148774646577,0.85794972742561,0.6380916263952673,0.4332303504149119,0.43652670411668587,0.4350568986344106,0.41899175174308545,0.6086077376841063,0.7624636513602202,0.6838227580202386,0.4795167443257023,0.49197806875304423,0.5117474902658427,0.4287076102772997,0.43373143273530546,0.45703671591348916,0.4839264052108634,0.4866641378080523,0.45063224349213743,0.43773532229311324,0.3724464209369533,0.40042459935098146,0.47321549705044574,0.4582271929427143,0.43414745176699676,0.4037412283371906,0.3977697276406818,0.4276179161318641,0.4842083630532119
80070	1	67560	0.40024764068198926,0.42688988394789645
80067	-1	66900	0.4298556790077429,0.41589941955724,0.4472545910252832,0.5685804616775572,0.712094695469655,0.6285655449302692,0.5012611334394265,0.48914548063278196,0.4520062850581275,0.44006155814443315,0.4362674481857757,0.44355755725572277,0.5082537744421258,0.5236151496569316,0.4292997800467307,0.38542783476902126,0.43658450429702733,0.4978460067388963,0.48952441899035976,0.4524065359314876,0.4961090992316316,0.6481525051201175,0.6443085168377828,0.5058208025310595,0.4635532538155066,0.4706785413705018,0.45729022263810876,0.4162143020236746,0.42440145513301053,0.48766414055341406,0.4993225651995009,0.506690584984257,0.5006121177140116,0.4486997670987073,0.426052958760635
